{"accuracy": 0.6873706004140787, "precision": 0.701579092932121, "recall": 0.6873706004140787, "f1": 0.6831026748186997}